epoch,train_loss,F1 Score,Sensitivity,Specifity,Accuracy,AUC-ROC,Mean-IOU
33,0.068362,0.78866,0.79911,0.986658,0.976263,0.987829,0.651064
34,0.068024,0.787624,0.791647,0.987175,0.976338,0.987535,0.649654
35,0.067791,0.78885,0.793477,0.987194,0.976457,0.987004,0.651323
36,0.067513,0.780854,0.773983,0.987771,0.975922,0.986136,0.640492
37,0.067226,0.787442,0.796217,0.986735,0.976176,0.987066,0.649405
38,0.067069,0.789355,0.80234,0.986472,0.976266,0.987286,0.652012
